source,company_slug,company_name,title,role_family,location,eligibility_summary,eligible_latam_mode,eligible_dc_mode,eligible_portugal_mode,latam_relevance,company_sector,company_stage,company_geography_hq,company_priority_tier,us_investor_signal,url,updated,ats,health_status,health_detail,posting_age_days,jd_fetch_status,jd_cache_path
api,remotecom,Remotecom,Global Payroll Implementation Country Lead - Germany,market_entry,Remote - DACH,"L?, D?, P?",unclear,unclear,unclear,direct,unknown,unknown,unknown,1,needs_verification,https://job-boards.greenhouse.io/remotecom/jobs/7735395003,2026-05-20T12:43:07-04:00,Greenhouse,open,api-live,,success,jd_cache/64301db3564e8a84.txt
api,remotecom,Remotecom,Global Payroll Implementation Country Lead - Germany,market_entry,Remote - EMEA,P,false,false,true,direct,unknown,unknown,unknown,1,needs_verification,https://job-boards.greenhouse.io/remotecom/jobs/7741670003,2026-05-20T12:43:21-04:00,Greenhouse,open,api-live,,success,jd_cache/6942018b9b8aad47.txt
api,gitlab,Gitlab,"Senior Program Manager, Enterprise Technology & AI",program,"Remote, Bangalore","L?, D?, P?",unclear,unclear,unclear,none,unknown,unknown,unknown,1,needs_verification,https://job-boards.greenhouse.io/gitlab/jobs/8584282002,2026-07-06T08:34:18-04:00,Greenhouse,open,api-live,,success,jd_cache/0516b4bb5d9aae63.txt
api,gitlab,Gitlab,"Vice President, Finance Strategy & Operations",strategic_ops,"Remote, US","L?, D?, P?",unclear,unclear,unclear,none,unknown,unknown,unknown,1,needs_verification,https://job-boards.greenhouse.io/gitlab/jobs/8467198002,2026-06-05T16:18:10-04:00,Greenhouse,open,api-live,,success,jd_cache/b1fbef6c443cfc44.txt
api,firecrawl,Firecrawl,Head of Growth Marketing,growth_commercial,"San Francisco, CA (Hybrid) OR Remote (Americas, UTC-3 to UTC-10)","L?, D?, P?",unclear,unclear,unclear,none,unknown,unknown,unknown,2,needs_verification,https://jobs.ashbyhq.com/firecrawl/252206c1-56a2-4598-abef-d2ed9e2295de,2026-07-13T00:04:16.535+00:00,Ashby,open,api-live,,success,jd_cache/14ad0946e1c31f94.txt
api,pivotal-health,Pivotal Health,Client Strategy & Operations Manager,strategic_ops,Remote - NY,"L?, D?, P?",unclear,unclear,unclear,none,unknown,unknown,unknown,2,needs_verification,https://jobs.ashbyhq.com/pivotal-health/ce4e43d1-7add-408b-ae2d-c1205509527d,2026-05-20T22:25:49.748+00:00,Ashby,open,api-live,,success,jd_cache/00f0fa111ce5ea70.txt
api,nift,Nift,"General Manager, EMEA / UK ",market_entry,"Remote, UK","L?, D?, P?",unclear,unclear,unclear,none,unknown,unknown,unknown,3,needs_verification,https://job-boards.greenhouse.io/nift/jobs/4917411007,2026-01-13T16:05:47-05:00,Greenhouse,open,api-live,,success,jd_cache/61bf1cb46e9a777e.txt
api,coinbase,Coinbase,"Senior Program Manager, Contracts & Analytics",program,Remote - USA,"L, D, P?",true,true,unclear,none,unknown,unknown,unknown,3,needs_verification,https://www.coinbase.com/careers/positions/8008047?gh_jid=8008047,2026-06-17T22:01:46-04:00,Greenhouse,open,api-live,,http_error,
api,upwork,Upwork,"Sr Director, Corporate Development",growth_commercial,"Palo Alto, California, United States; Remote","L?, D?, P?",unclear,unclear,unclear,none,unknown,unknown,unknown,3,needs_verification,https://job-boards.greenhouse.io/upwork/jobs/7110133003,2026-05-11T14:20:37-04:00,Greenhouse,open,api-live,,success,jd_cache/4421f1e7876e2e3f.txt
api,apolloio,Apolloio,"Go-To-Market Engineer II, Mid-Market",growth_commercial,"Remote, United States","L?, D?, P?",unclear,unclear,unclear,none,unknown,unknown,unknown,3,needs_verification,https://job-boards.greenhouse.io/apolloio/jobs/5918855004,2026-07-06T18:51:37-04:00,Greenhouse,open,api-live,,success,jd_cache/52d4d3fd7ddd92f2.txt
api,apolloio,Apolloio,"Go-To-Market Engineer I, SMB",growth_commercial,"Remote, United States","L?, D?, P?",unclear,unclear,unclear,none,unknown,unknown,unknown,3,needs_verification,https://job-boards.greenhouse.io/apolloio/jobs/5778017004,2026-07-06T18:51:37-04:00,Greenhouse,open,api-live,,success,jd_cache/44f748fbd9b679ad.txt
api,aledade,Aledade,"Director, Payer Go-To-Market (GTM), Remote",growth_commercial,"Remote, United States","L?, D?, P?",unclear,unclear,unclear,none,unknown,unknown,unknown,3,needs_verification,https://jobs.lever.co/aledade/660b03e4-e1db-4ac2-bb9e-c74666f52189,2026-07-07T12:00:31.868000,Lever,open,api-live,,success,jd_cache/c70c44df4ecea1de.txt
api,includedhealth,Includedhealth,Go-To-Market Enablement Manager,growth_commercial,Remote,"L?, D?, P?",unclear,unclear,unclear,none,unknown,unknown,unknown,3,needs_verification,https://jobs.lever.co/includedhealth/e5475693-8b26-4166-ad01-db9bcbbf2f96,2026-06-26T15:26:50.581000,Lever,open,api-live,,success,jd_cache/9f6400b899262c75.txt
api,rula,Rula,Strategy & Operations Manager  (Remote),strategic_ops,Remote - United States,"L?, D?, P?",unclear,unclear,unclear,none,unknown,unknown,unknown,3,needs_verification,https://jobs.ashbyhq.com/rula/3013fcdb-0e71-42f2-b3f1-7e8e3b3a2c44,2026-06-18T19:42:02.894+00:00,Ashby,open,api-live,,success,jd_cache/8b31a0d5dbd4b5fb.txt
portfolio_board:kaszek,wellhub,wellhub,Partnerships Director – US National Partnerships,partnerships_bd,US (Remote),"L?, D?, P?",unclear,unclear,unclear,none,,unknown,unknown,3,unknown,https://job-boards.greenhouse.io/gympass/jobs/8444113002,2026-03-05T23:49:33Z,,open,,,success,jd_cache/246f403e48ce2b1d.txt
portfolio_board:qed-investors,caribou,Caribou,"Senior Manager, Go-To-Market Operations & Sales Tools",growth_commercial,"Chicago, IL, Denver, CO, Phoenix, AZ, Remote, US","L?, D?, P?",unclear,unclear,unclear,none,unknown,unknown,unknown,3,needs_verification,https://job-boards.greenhouse.io/caribou/jobs/7801514003,2026-07-10T15:04:27Z,,open,,,success,jd_cache/4bc951a8358c0c77.txt
portfolio_board:qed-investors,caliza,caliza,Mexico - Director of Business Development,partnerships_bd,Mexico City,L,true,false,false,none,,unknown,unknown,3,unknown,https://jobs.lever.co/caliza-financial-technologies/d3c4c930-0549-4dff-8b09-1fa9bee518a4,2026-05-08T05:45:51.939000Z,,open,,,success,jd_cache/e68b8ab33da2203c.txt
portfolio_board:a16z,talkiatry,talkiatry,"General Manager/Director of Clinical Operations, Psychiatry",market_entry,"United States, Remote","L?, D?, P?",unclear,unclear,unclear,none,,unknown,unknown,3,unknown,https://jobs.ashbyhq.com/talkiatry/f13dbc0c-63b4-4e75-bf24-91f0c87ce3e5?utm_source=jobs.a16z.com,2026-07-15T00:00:00Z,,open,,5,success,jd_cache/db072d64e2033f6d.txt
portfolio_board:a16z,stripe,Stripe,"Strategic Programs Lead, New Markets",strategic_ops,US-Remote,"L?, D?, P?",unclear,unclear,unclear,none,unknown,unknown,unknown,3,needs_verification,https://stripe.com/jobs/search?gh_jid=8070648,2026-07-16T21:33:48Z,,open,,,success,jd_cache/27c007c7f953372d.txt
portfolio_board:a16z,revolut,Revolut,Strategy & Operations Manager,strategic_ops,"Australia - Remote, Australia","L?, D?, P?",unclear,unclear,unclear,none,"fintech,financial-services",late-stage,"London, UK",2,medium,https://www.revolut.com/en-US/careers/position/3c41a74a-d391-4cec-986b-066b43af038c/,2026-07-15T05:58:03Z,,blocked,HTTP 403,,http_error,
